flight_no;airline_iata;airline_name;dep;arr;std;sta;etd;eta;atd;takeoff;landing;ata;status;aircraft_type;registration;seats;pax;dep_terminal;dep_gate;arr_terminal;delay_codes
SX102;SX;Seine Air;LFMN;LFPO;2026-10-02T17:50+02:00;2026-10-02T19:05+02:00;;2026-10-02T19:15+02:00;2026-10-02T17:51+02:00;;;;;B738;F-HSXA;189;167;;;2;
SX103;SX;Seine Air;LFPO;LFMN;2026-10-02T20:00+02:00;2026-10-02T21:15+02:00;2026-10-02T20:03+02:00;2026-10-02T21:29+02:00;;;;;;B738;F-HSXA;189;138;2;10;;
OC106;OC;Océane;TFFR;LFPO;2026-10-02T01:30+02:00;2026-10-02T10:15+02:00;;;2026-10-02T01:41+02:00;2026-10-02T01:52+02:00;2026-10-02T10:16+02:00;2026-10-02T10:22+02:00;;A359;F-HOCB;411;317;;;4;41:11
OC108;OC;Océane;LFPO;TFFR;2026-10-02T11:15+02:00;2026-10-02T20:00+02:00;;2026-10-02T20:57+02:00;2026-10-02T12:07+02:00;2026-10-02T12:22+02:00;;;;A359;F-HOCB;411;334;4;11;;71:52
ME109;ME;Médina Express;LFMN;LFPO;2026-10-02T17:40+02:00;2026-10-02T18:55+02:00;2026-10-02T18:35+02:00;2026-10-02T19:46+02:00;;;;;;A20N;F-HMEC;186;157;;;2;71:55
ME111;ME;Médina Express;LFPO;LFMN;2026-10-02T19:55+02:00;2026-10-02T21:10+02:00;2026-10-02T20:07+02:00;2026-10-02T21:24+02:00;;;;;;A20N;F-HMEC;186;123;2;12;;81:12
ME113;ME;Médina Express;LIRF;LFPO;2026-10-02T15:15+02:00;2026-10-02T17:20+02:00;;;2026-10-02T15:18+02:00;2026-10-02T15:38+02:00;2026-10-02T17:18+02:00;2026-10-02T17:27+02:00;;A20N;F-HMED;186;120;;;1;
ME115;ME;Médina Express;LFPO;LIRF;2026-10-02T18:15+02:00;2026-10-02T20:20+02:00;2026-10-02T18:18+02:00;2026-10-02T20:28+02:00;;;;;;A20N;F-HMED;186;182;1;13;;
LB117;LB;Ligne Bleue;GMMN;LFPO;2026-10-02T09:20+02:00;2026-10-02T12:00+02:00;;;2026-10-02T09:41+02:00;2026-10-02T09:51+02:00;2026-10-02T12:13+02:00;2026-10-02T12:21+02:00;;A320;F-HLBE;180;148;;;4;41:21
LB121;LB;Ligne Bleue;LFPO;GMMN;2026-10-02T12:45+02:00;2026-10-02T15:25+02:00;;;2026-10-02T12:55+02:00;2026-10-02T13:08+02:00;2026-10-02T15:31+02:00;2026-10-02T15:36+02:00;;A320;F-HLBE;180;179;4;14;;71:10
ME125;ME;Médina Express;GMMX;LFPO;2026-10-02T13:25+02:00;2026-10-02T16:25+02:00;;;2026-10-02T13:27+02:00;2026-10-02T13:37+02:00;2026-10-02T16:22+02:00;2026-10-02T16:26+02:00;;A20N;F-HMEF;186;130;;;4;
ME127;ME;Médina Express;LFPO;GMMX;2026-10-02T17:25+02:00;2026-10-02T20:25+02:00;;2026-10-02T20:51+02:00;2026-10-02T17:49+02:00;;;;;A20N;F-HMEF;186;170;4;15;;71:24
ME130;ME;Médina Express;DAAG;LFPO;2026-10-02T04:35+02:00;2026-10-02T06:40+02:00;;;2026-10-02T04:56+02:00;2026-10-02T05:11+02:00;2026-10-02T06:59+02:00;2026-10-02T07:06+02:00;;A20N;F-HMEG;186;111;;;4;63:21
ME133;ME;Médina Express;LFPO;DAAG;2026-10-02T07:25+02:00;2026-10-02T09:30+02:00;;;2026-10-02T08:44+02:00;2026-10-02T08:54+02:00;2026-10-02T10:34+02:00;2026-10-02T10:40+02:00;;A20N;F-HMEG;186;175;4;16;;71:79
LB134;LB;Ligne Bleue;LFML;LFPO;2026-10-02T11:35+02:00;2026-10-02T12:50+02:00;;;;;;;cancelled;A320;F-HLBH;180;;;;2;
LB135;LB;Ligne Bleue;LFPO;LFML;2026-10-02T13:40+02:00;2026-10-02T14:55+02:00;;;2026-10-02T13:49+02:00;2026-10-02T13:59+02:00;2026-10-02T14:52+02:00;2026-10-02T14:56+02:00;;A320;F-HLBH;180;176;2;17;;32:9
LB137;LB;Ligne Bleue;LFML;LFPO;2026-10-02T16:30+02:00;2026-10-02T17:45+02:00;;;2026-10-02T16:39+02:00;2026-10-02T16:51+02:00;2026-10-02T17:43+02:00;2026-10-02T17:52+02:00;;A320;F-HLBI;180;133;;;2;63:9
LB140;LB;Ligne Bleue;LFPO;LFML;2026-10-02T18:45+02:00;2026-10-02T20:00+02:00;2026-10-02T18:55+02:00;2026-10-02T20:10+02:00;;;;;;A320;F-HLBI;180;123;2;18;;41:10
LB142;LB;Ligne Bleue;LFBO;LFPO;2026-10-02T11:05+02:00;2026-10-02T12:15+02:00;;;2026-10-02T11:05+02:00;2026-10-02T11:24+02:00;2026-10-02T12:19+02:00;2026-10-02T12:24+02:00;;A320;F-HLBJ;180;116;;;2;
LB143;LB;Ligne Bleue;LFPO;LFBO;2026-10-02T13:00+02:00;2026-10-02T14:10+02:00;;;2026-10-02T13:13+02:00;2026-10-02T13:26+02:00;2026-10-02T14:11+02:00;2026-10-02T14:18+02:00;;A320;F-HLBJ;180;135;2;19;;71:13
LB147;LB;Ligne Bleue;GMMX;LFPO;2026-10-02T13:10+02:00;2026-10-02T16:10+02:00;;;2026-10-02T13:17+02:00;2026-10-02T13:29+02:00;2026-10-02T16:13+02:00;2026-10-02T16:17+02:00;;A320;F-HLBK;180;163;;;4;15:7
LB151;LB;Ligne Bleue;LFPO;GMMX;2026-10-02T17:00+02:00;2026-10-02T20:00+02:00;;2026-10-02T20:07+02:00;2026-10-02T17:00+02:00;2026-10-02T17:19+02:00;;;;A320;F-HLBK;180;159;4;20;;
ME153;ME;Médina Express;LFBO;LFPO;2026-10-02T09:30+02:00;2026-10-02T10:40+02:00;;;2026-10-02T09:32+02:00;2026-10-02T09:45+02:00;2026-10-02T10:33+02:00;2026-10-02T10:38+02:00;;A20N;F-HMEL;186;120;;;2;
ME157;ME;Médina Express;LFPO;LFBO;2026-10-02T11:30+02:00;2026-10-02T12:40+02:00;;;2026-10-02T11:58+02:00;2026-10-02T12:17+02:00;2026-10-02T13:04+02:00;2026-10-02T13:08+02:00;;A20N;F-HMEL;186;122;2;21;;32:28
LB161;LB;Ligne Bleue;LFML;LFPO;2026-10-02T12:10+02:00;2026-10-02T13:25+02:00;;;2026-10-02T12:16+02:00;2026-10-02T12:27+02:00;2026-10-02T13:21+02:00;2026-10-02T13:25+02:00;;A320;F-HLBM;180;157;;;2;15:6
LB165;LB;Ligne Bleue;LFPO;LFML;2026-10-02T14:25+02:00;2026-10-02T15:40+02:00;;;2026-10-02T14:33+02:00;2026-10-02T14:49+02:00;2026-10-02T15:47+02:00;2026-10-02T15:52+02:00;;A320;F-HLBM;180;145;2;22;;41:8
SX166;SX;Seine Air;DTTA;LFPO;2026-10-02T16:45+02:00;2026-10-02T19:00+02:00;;2026-10-02T19:13+02:00;2026-10-02T16:57+02:00;2026-10-02T17:13+02:00;;;;B738;F-HSXN;189;133;;;4;93:12
SX167;SX;Seine Air;LFPO;DTTA;2026-10-02T19:50+02:00;2026-10-02T22:05+02:00;2026-10-02T20:03+02:00;2026-10-02T22:26+02:00;;;;;;B738;F-HSXN;189;128;4;23;;71:13
LB168;LB;Ligne Bleue;DTTA;LFPO;2026-10-02T14:20+02:00;2026-10-02T16:35+02:00;;;2026-10-02T14:29+02:00;2026-10-02T14:43+02:00;2026-10-02T16:39+02:00;2026-10-02T16:44+02:00;;A320;F-HLBO;180;148;;;4;41:9
LB171;LB;Ligne Bleue;LFPO;DTTA;2026-10-02T17:20+02:00;2026-10-02T19:35+02:00;;2026-10-02T19:45+02:00;2026-10-02T17:30+02:00;2026-10-02T17:46+02:00;;;;A320;F-HLBO;180;109;4;24;;81:10
SX174;SX;Seine Air;LFBO;LFPO;2026-10-02T14:30+02:00;2026-10-02T15:40+02:00;;;2026-10-02T14:35+02:00;2026-10-02T14:47+02:00;2026-10-02T15:37+02:00;2026-10-02T15:43+02:00;;B738;F-HSXP;189;133;;;2;
SX178;SX;Seine Air;LFPO;LFBO;2026-10-02T16:30+02:00;2026-10-02T17:40+02:00;;;2026-10-02T16:50+02:00;2026-10-02T17:09+02:00;2026-10-02T17:56+02:00;2026-10-02T18:00+02:00;;B738;F-HSXP;189;183;2;25;;15:20
SX179;SX;Seine Air;LFML;LFPO;2026-10-02T09:45+02:00;2026-10-02T11:00+02:00;;;2026-10-02T10:00+02:00;2026-10-02T10:18+02:00;2026-10-02T11:15+02:00;2026-10-02T11:24+02:00;;B738;F-HSXQ;189;156;;;2;41:15
SX182;SX;Seine Air;LFPO;LFML;2026-10-02T11:45+02:00;2026-10-02T13:00+02:00;;;2026-10-02T11:49+02:00;2026-10-02T11:58+02:00;2026-10-02T12:57+02:00;2026-10-02T13:06+02:00;;B738;F-HSXQ;189;167;2;26;;
ME184;ME;Médina Express;LFMN;LFPO;2026-10-02T05:15+02:00;2026-10-02T06:30+02:00;;;2026-10-02T05:19+02:00;2026-10-02T05:35+02:00;2026-10-02T06:27+02:00;2026-10-02T06:36+02:00;;A20N;F-HMER;186;165;;;2;
ME185;ME;Médina Express;LFPO;LFMN;2026-10-02T07:25+02:00;2026-10-02T08:40+02:00;;;2026-10-02T07:27+02:00;2026-10-02T07:41+02:00;2026-10-02T08:32+02:00;2026-10-02T08:40+02:00;;A20N;F-HMER;186;129;2;27;;
OC188;OC;Océane;TFFR;LFPO;2026-10-01T23:55+02:00;2026-10-02T08:40+02:00;;;2026-10-01T23:55+02:00;2026-10-02T00:07+02:00;2026-10-02T08:27+02:00;2026-10-02T08:32+02:00;;A359;F-HOCS;411;272;;;4;
OC191;OC;Océane;LFPO;TFFR;2026-10-02T09:25+02:00;2026-10-02T18:10+02:00;;2026-10-02T18:42+02:00;2026-10-02T09:49+02:00;2026-10-02T10:09+02:00;;;;A359;F-HOCS;411;287;4;28;;32:24
LB194;LB;Ligne Bleue;LEBL;LFPO;2026-10-02T05:15+02:00;2026-10-02T06:55+02:00;;;2026-10-02T05:39+02:00;2026-10-02T05:59+02:00;2026-10-02T07:21+02:00;2026-10-02T07:27+02:00;;A320;F-HLBT;180;128;;;1;32:24
LB195;LB;Ligne Bleue;LFPO;LEBL;2026-10-02T07:45+02:00;2026-10-02T09:25+02:00;;;2026-10-02T07:45+02:00;2026-10-02T07:57+02:00;2026-10-02T09:19+02:00;2026-10-02T09:26+02:00;;A320;F-HLBT;180;152;1;29;;
ME197;ME;Médina Express;LFKJ;LFPO;2026-10-02T08:40+02:00;2026-10-02T10:15+02:00;;;2026-10-02T08:44+02:00;2026-10-02T08:57+02:00;2026-10-02T10:12+02:00;2026-10-02T10:21+02:00;;A20N;F-HMEU;186;176;;;2;
ME201;ME;Médina Express;LFPO;LFKJ;2026-10-02T11:00+02:00;2026-10-02T12:35+02:00;;;2026-10-02T11:28+02:00;2026-10-02T11:37+02:00;2026-10-02T12:56+02:00;2026-10-02T13:02+02:00;;A20N;F-HMEU;186;133;2;30;;71:28
ME205;ME;Médina Express;LFMN;LFPO;2026-10-02T07:05+02:00;2026-10-02T08:20+02:00;;;2026-10-02T07:10+02:00;2026-10-02T07:27+02:00;2026-10-02T08:26+02:00;2026-10-02T08:33+02:00;;A20N;F-HMEV;186;184;;;2;
ME207;ME;Médina Express;LFPO;LFMN;2026-10-02T09:10+02:00;2026-10-02T10:25+02:00;;;;;;;cancelled;A20N;F-HMEV;186;;2;31;;
LB210;LB;Ligne Bleue;LEMD;LFPO;2026-10-02T11:50+02:00;2026-10-02T13:50+02:00;;;2026-10-02T12:00+02:00;2026-10-02T12:20+02:00;2026-10-02T14:01+02:00;2026-10-02T14:09+02:00;;A320;F-HLBW;180;147;;;1;63:10
LB214;LB;Ligne Bleue;LFPO;LEMD;2026-10-02T14:35+02:00;2026-10-02T16:35+02:00;;;2026-10-02T14:39+02:00;2026-10-02T14:51+02:00;2026-10-02T16:30+02:00;2026-10-02T16:39+02:00;;A320;F-HLBW;180;156;1;32;;
LB218;LB;Ligne Bleue;DTTA;LFPO;2026-10-02T13:55+02:00;2026-10-02T16:10+02:00;;;2026-10-02T13:55+02:00;2026-10-02T14:07+02:00;2026-10-02T16:01+02:00;2026-10-02T16:09+02:00;;A320;F-HLBX;180;149;;;4;
LB222;LB;Ligne Bleue;LFPO;DTTA;2026-10-02T17:05+02:00;2026-10-02T19:20+02:00;;2026-10-02T19:38+02:00;2026-10-02T17:15+02:00;2026-10-02T17:31+02:00;;;;A320;F-HLBX;180;118;4;33;;15:10
ME225;ME;Médina Express;LFBO;LFPO;2026-10-02T19:15+02:00;2026-10-02T20:25+02:00;2026-10-02T19:18+02:00;2026-10-02T20:26+02:00;;;;;;A20N;F-HMEY;186;120;;;2;
ME229;ME;Médina Express;LFPO;LFBO;2026-10-02T21:15+02:00;2026-10-02T22:25+02:00;2026-10-02T21:25+02:00;2026-10-02T22:41+02:00;;;;;;A20N;F-HMEY;186;162;2;34;;41:10
LB230;LB;Ligne Bleue;GMMN;LFPO;2026-10-02T15:30+02:00;2026-10-02T18:10+02:00;;2026-10-02T18:32+02:00;2026-10-02T15:48+02:00;2026-10-02T16:08+02:00;;;;A320;F-HLBZ;180;114;;;4;71:18
LB232;LB;Ligne Bleue;LFPO;GMMN;2026-10-02T18:55+02:00;2026-10-02T21:35+02:00;2026-10-02T19:33+02:00;2026-10-02T22:12+02:00;;;;;;A320;F-HLBZ;180;179;4;35;;71:38
ME236;ME;Médina Express;LIRF;LFPO;2026-10-02T14:50+02:00;2026-10-02T16:55+02:00;;;2026-10-02T15:18+02:00;2026-10-02T15:29+02:00;2026-10-02T17:12+02:00;2026-10-02T17:19+02:00;;A20N;F-HMEA;186;144;;;1;32:28
ME238;ME;Médina Express;LFPO;LIRF;2026-10-02T17:45+02:00;2026-10-02T19:50+02:00;2026-10-02T18:04+02:00;2026-10-02T20:13+02:00;;;;;;A20N;F-HMEA;186;141;1;36;;15:19
OC240;OC;Océane;TFFR;LFPO;2026-10-01T23:00+02:00;2026-10-02T07:45+02:00;;;2026-10-01T23:05+02:00;2026-10-01T23:15+02:00;2026-10-02T07:43+02:00;2026-10-02T07:48+02:00;;A359;F-HOCB;411;305;;;4;
OC244;OC;Océane;LFPO;TFFR;2026-10-02T08:40+02:00;2026-10-02T17:25+02:00;;;2026-10-02T08:57+02:00;2026-10-02T09:12+02:00;2026-10-02T17:37+02:00;2026-10-02T17:45+02:00;;A359;F-HOCB;411;365;4;37;;81:17
SX245;SX;Seine Air;LFKJ;LFPO;2026-10-02T12:05+02:00;2026-10-02T13:40+02:00;;;2026-10-02T12:34+02:00;2026-10-02T12:43+02:00;2026-10-02T13:58+02:00;2026-10-02T14:04+02:00;;B738;F-HSXC;189;162;;;2;32:29
SX249;SX;Seine Air;LFPO;LFKJ;2026-10-02T14:40+02:00;2026-10-02T16:15+02:00;;;2026-10-02T14:48+02:00;2026-10-02T15:00+02:00;2026-10-02T16:13+02:00;2026-10-02T16:18+02:00;;B738;F-HSXC;189;147;2;38;;81:8
OC252;OC;Océane;TFFR;LFPO;2026-10-01T22:10+02:00;2026-10-02T06:55+02:00;;;2026-10-01T22:33+02:00;2026-10-01T22:49+02:00;2026-10-02T07:17+02:00;2026-10-02T07:25+02:00;;A359;F-HOCD;411;382;;;4;93:23
OC256;OC;Océane;LFPO;TFFR;2026-10-02T07:55+02:00;2026-10-02T16:40+02:00;;;;;;;cancelled;A359;F-HOCD;411;;4;39;;
OC259;OC;Océane;TFFR;LFPO;2026-10-02T00:50+02:00;2026-10-02T09:35+02:00;;;2026-10-02T00:53+02:00;2026-10-02T01:07+02:00;2026-10-02T09:31+02:00;2026-10-02T09:37+02:00;;A359;F-HOCE;411;353;;;4;
OC262;OC;Océane;LFPO;TFFR;2026-10-02T10:20+02:00;2026-10-02T19:05+02:00;;;;;;;cancelled;A359;F-HOCE;411;;4;10;;
LB263;LB;Ligne Bleue;GMMN;LFPO;2026-10-02T05:00+02:00;2026-10-02T07:40+02:00;;;2026-10-02T05:43+02:00;2026-10-02T06:01+02:00;2026-10-02T08:24+02:00;2026-10-02T08:29+02:00;;A320;F-HLBF;180;124;;;4;81:43
LB264;LB;Ligne Bleue;LFPO;GMMN;2026-10-02T08:25+02:00;2026-10-02T11:05+02:00;;;2026-10-02T08:28+02:00;2026-10-02T08:41+02:00;2026-10-02T11:01+02:00;2026-10-02T11:06+02:00;;A320;F-HLBF;180;122;4;11;;
LB265;LB;Ligne Bleue;LPPT;LFPO;2026-10-02T05:50+02:00;2026-10-02T08:20+02:00;;;2026-10-02T06:57+02:00;2026-10-02T07:12+02:00;2026-10-02T09:21+02:00;2026-10-02T09:30+02:00;;A320;F-HLBG;180;133;;;1;93:67
LB267;LB;Ligne Bleue;LFPO;LPPT;2026-10-02T09:10+02:00;2026-10-02T11:40+02:00;;;2026-10-02T09:14+02:00;2026-10-02T09:32+02:00;2026-10-02T11:46+02:00;2026-10-02T11:54+02:00;;A320;F-HLBG;180;113;1;12;;
ME268;ME;Médina Express;DAAG;LFPO;2026-10-02T11:40+02:00;2026-10-02T13:45+02:00;;;;;;;cancelled;A20N;F-HMEH;186;;;;4;
ME272;ME;Médina Express;LFPO;DAAG;2026-10-02T14:40+02:00;2026-10-02T16:45+02:00;;2026-10-02T18:02+02:00;2026-10-02T15:51+02:00;2026-10-02T16:07+02:00;2026-10-02T17:55+02:00;;;A20N;F-HMEH;186;133;4;13;;63:71
ME276;ME;Médina Express;DTTA;LFPO;2026-10-02T18:00+02:00;2026-10-02T20:15+02:00;2026-10-02T18:09+02:00;2026-10-02T20:26+02:00;;;;;;A20N;F-HMEI;186;168;;;4;41:9
ME280;ME;Médina Express;LFPO;DTTA;2026-10-02T21:05+02:00;2026-10-02T23:20+02:00;2026-10-02T21:15+02:00;2026-10-02T23:23+02:00;;;;;;A20N;F-HMEI;186;134;4;14;;81:10
LB283;LB;Ligne Bleue;LEMD;LFPO;2026-10-02T18:05+02:00;2026-10-02T20:05+02:00;2026-10-02T18:14+02:00;2026-10-02T20:08+02:00;;;;;;A320;F-HLBJ;180;174;;;1;41:9
LB284;LB;Ligne Bleue;LFPO;LEMD;2026-10-02T21:00+02:00;2026-10-02T23:00+02:00;2026-10-02T21:06+02:00;2026-10-02T23:05+02:00;;;;;;A320;F-HLBJ;180;170;1;15;;81:6
SX288;SX;Seine Air;LFBO;LFPO;2026-10-02T10:20+02:00;2026-10-02T11:30+02:00;;;2026-10-02T10:40+02:00;2026-10-02T10:54+02:00;2026-10-02T11:42+02:00;2026-10-02T11:50+02:00;;B738;F-HSXK;189;180;;;2;15:20
SX292;SX;Seine Air;LFPO;LFBO;2026-10-02T12:20+02:00;2026-10-02T13:30+02:00;;;2026-10-02T13:26+02:00;2026-10-02T13:46+02:00;2026-10-02T14:34+02:00;2026-10-02T14:40+02:00;;B738;F-HSXK;189;152;2;16;;15:66
LB295;LB;Ligne Bleue;LFBO;LFPO;2026-10-02T17:35+02:00;2026-10-02T18:45+02:00;;2026-10-02T19:01+02:00;2026-10-02T17:43+02:00;;;;;A320;F-HLBL;180;135;;;2;63:8
LB299;LB;Ligne Bleue;LFPO;LFBO;2026-10-02T19:35+02:00;2026-10-02T20:45+02:00;2026-10-02T19:44+02:00;2026-10-02T20:53+02:00;;;;;;A320;F-HLBL;180;120;2;17;;32:9
LB301;LB;Ligne Bleue;LPPT;LFPO;2026-10-02T07:50+02:00;2026-10-02T10:20+02:00;;;2026-10-02T07:58+02:00;2026-10-02T08:07+02:00;2026-10-02T10:22+02:00;2026-10-02T10:30+02:00;;A320;F-HLBM;180;145;;;1;63:8
LB303;LB;Ligne Bleue;LFPO;LPPT;2026-10-02T11:15+02:00;2026-10-02T13:45+02:00;;;2026-10-02T11:22+02:00;2026-10-02T11:31+02:00;2026-10-02T13:37+02:00;2026-10-02T13:43+02:00;;A320;F-HLBM;180;168;1;18;;81:7
OC304;OC;Océane;TFFR;LFPO;2026-10-02T03:30+02:00;2026-10-02T12:15+02:00;;;2026-10-02T03:37+02:00;2026-10-02T03:47+02:00;2026-10-02T12:11+02:00;2026-10-02T12:18+02:00;;A359;F-HOCN;411;264;;;4;71:7
OC305;OC;Océane;LFPO;TFFR;2026-10-02T13:05+02:00;2026-10-02T21:50+02:00;;2026-10-02T21:55+02:00;2026-10-02T13:14+02:00;2026-10-02T13:24+02:00;;;;A359;F-HOCN;411;388;4;19;;32:9
OC307;OC;Océane;TFFR;LFPO;2026-10-02T08:05+02:00;2026-10-02T16:50+02:00;;;2026-10-02T08:28+02:00;2026-10-02T08:44+02:00;2026-10-02T17:10+02:00;2026-10-02T17:18+02:00;;A359;F-HOCO;411;355;;;4;15:23
OC308;OC;Océane;LFPO;TFFR;2026-10-02T18:50+02:00;2026-10-03T03:35+02:00;2026-10-02T18:51+02:00;2026-10-03T03:28+02:00;;;;;;A359;F-HOCO;411;313;4;20;;
SX309;SX;Seine Air;LFML;LFPO;2026-10-02T09:20+02:00;2026-10-02T10:35+02:00;;;2026-10-02T09:26+02:00;2026-10-02T09:44+02:00;2026-10-02T10:37+02:00;2026-10-02T10:43+02:00;;B738;F-HSXP;189;117;;;2;41:6
SX312;SX;Seine Air;LFPO;LFML;2026-10-02T11:25+02:00;2026-10-02T12:40+02:00;;;2026-10-02T11:50+02:00;2026-10-02T12:02+02:00;2026-10-02T12:58+02:00;2026-10-02T13:07+02:00;;B738;F-HSXP;189;188;2;21;;63:25
LB314;LB;Ligne Bleue;LEBL;LFPO;2026-10-02T06:45+02:00;2026-10-02T08:25+02:00;;;2026-10-02T06:49+02:00;2026-10-02T06:59+02:00;2026-10-02T08:24+02:00;2026-10-02T08:29+02:00;;A320;F-HLBQ;180;147;;;1;
LB317;LB;Ligne Bleue;LFPO;LEBL;2026-10-02T09:15+02:00;2026-10-02T10:55+02:00;;;2026-10-02T09:22+02:00;2026-10-02T09:42+02:00;2026-10-02T11:01+02:00;2026-10-02T11:07+02:00;;A320;F-HLBQ;180;172;1;22;;71:7
OC318;OC;Océane;TFFR;LFPO;2026-10-02T05:10+02:00;2026-10-02T13:55+02:00;;;2026-10-02T06:28+02:00;2026-10-02T06:41+02:00;2026-10-02T15:11+02:00;2026-10-02T15:15+02:00;;A359;F-HOCR;411;304;;;4;63:78
OC319;OC;Océane;LFPO;TFFR;2026-10-02T14:40+02:00;2026-10-02T23:25+02:00;;2026-10-03T00:47+02:00;2026-10-02T15:54+02:00;2026-10-02T16:12+02:00;;;;A359;F-HOCR;411;366;4;23;;71:74
OC323;OC;Océane;TFFR;LFPO;2026-10-02T02:25+02:00;2026-10-02T11:10+02:00;;;2026-10-02T02:32+02:00;2026-10-02T02:48+02:00;2026-10-02T11:13+02:00;2026-10-02T11:20+02:00;;A359;F-HOCS;411;331;;;4;15:7
OC324;OC;Océane;LFPO;TFFR;2026-10-02T12:00+02:00;2026-10-02T20:45+02:00;;2026-10-02T21:12+02:00;2026-10-02T12:21+02:00;2026-10-02T12:37+02:00;;;;A359;F-HOCS;411;348;4;24;;32:21
SX327;SX;Seine Air;LIRF;LFPO;2026-10-02T05:55+02:00;2026-10-02T08:00+02:00;;;2026-10-02T06:01+02:00;2026-10-02T06:10+02:00;2026-10-02T07:50+02:00;2026-10-02T07:58+02:00;;B738;F-HSXT;189;172;;;1;81:6
SX328;SX;Seine Air;LFPO;LIRF;2026-10-02T08:55+02:00;2026-10-02T11:00+02:00;;;2026-10-02T09:00+02:00;2026-10-02T09:16+02:00;2026-10-02T10:56+02:00;2026-10-02T11:03+02:00;;B738;F-HSXT;189;119;1;25;;
LB331;LB;Ligne Bleue;LPPT;LFPO;2026-10-02T13:20+02:00;2026-10-02T15:50+02:00;;;2026-10-02T13:27+02:00;2026-10-02T13:46+02:00;2026-10-02T15:52+02:00;2026-10-02T15:57+02:00;;A320;F-HLBU;180;128;;;1;15:7
LB332;LB;Ligne Bleue;LFPO;LPPT;2026-10-02T16:40+02:00;2026-10-02T19:10+02:00;;2026-10-02T19:03+02:00;2026-10-02T16:41+02:00;2026-10-02T16:51+02:00;;;;A320;F-HLBU;180;127;1;26;;
OC335;OC;Océane;TFFR;LFPO;2026-10-02T09:55+02:00;2026-10-02T18:40+02:00;;2026-10-02T18:45+02:00;2026-10-02T10:02+02:00;2026-10-02T10:14+02:00;;;;A359;F-HOCV;411;283;;;4;81:7
OC337;OC;Océane;LFPO;TFFR;2026-10-02T19:35+02:00;2026-10-03T04:20+02:00;2026-10-02T20:38+02:00;2026-10-03T05:24+02:00;;;;;;A359;F-HOCV;411;352;4;27;;15:63
ME341;ME;Médina Express;LFMN;LFPO;2026-10-02T10:00+02:00;2026-10-02T11:15+02:00;;;2026-10-02T10:25+02:00;2026-10-02T10:39+02:00;2026-10-02T11:34+02:00;2026-10-02T11:42+02:00;;A20N;F-HMEW;186;180;;;2;81:25
ME345;ME;Médina Express;LFPO;LFMN;2026-10-02T12:10+02:00;2026-10-02T13:25+02:00;;;2026-10-02T13:36+02:00;2026-10-02T13:56+02:00;2026-10-02T14:53+02:00;2026-10-02T15:01+02:00;;A20N;F-HMEW;186;160;2;28;;41:86
OC349;OC;Océane;TFFR;LFPO;2026-10-01T22:25+02:00;2026-10-02T07:10+02:00;;;2026-10-01T22:48+02:00;2026-10-01T23:07+02:00;2026-10-02T07:27+02:00;2026-10-02T07:32+02:00;;A359;F-HOCX;411;372;;;4;93:23
OC351;OC;Océane;LFPO;TFFR;2026-10-02T08:05+02:00;2026-10-02T16:50+02:00;;;2026-10-02T08:14+02:00;2026-10-02T08:24+02:00;2026-10-02T16:47+02:00;2026-10-02T16:51+02:00;;A359;F-HOCX;411;380;4;29;;81:9
SX353;SX;Seine Air;GMMX;LFPO;2026-10-02T05:55+02:00;2026-10-02T08:55+02:00;;;2026-10-02T05:59+02:00;2026-10-02T06:19+02:00;2026-10-02T08:58+02:00;2026-10-02T09:07+02:00;;B738;F-HSXY;189;123;;;4;
SX356;SX;Seine Air;LFPO;GMMX;2026-10-02T09:55+02:00;2026-10-02T12:55+02:00;;;2026-10-02T10:23+02:00;2026-10-02T10:37+02:00;2026-10-02T13:12+02:00;2026-10-02T13:21+02:00;;B738;F-HSXY;189;175;4;30;;32:28
SX359;SX;Seine Air;DTTA;LFPO;2026-10-02T05:25+02:00;2026-10-02T07:40+02:00;;;2026-10-02T06:43+02:00;2026-10-02T06:53+02:00;2026-10-02T08:43+02:00;2026-10-02T08:52+02:00;;B738;F-HSXZ;189;125;;;4;81:78
SX361;SX;Seine Air;LFPO;DTTA;2026-10-02T08:30+02:00;2026-10-02T10:45+02:00;;;2026-10-02T08:41+02:00;2026-10-02T08:50+02:00;2026-10-02T10:46+02:00;2026-10-02T10:52+02:00;;B738;F-HSXZ;189;160;4;31;;81:11
LB363;LB;Ligne Bleue;LFKJ;LFPO;2026-10-02T13:55+02:00;2026-10-02T15:30+02:00;;;2026-10-02T13:56+02:00;2026-10-02T14:11+02:00;2026-10-02T15:22+02:00;2026-10-02T15:31+02:00;;A320;F-HLBA;180;138;;;2;
LB367;LB;Ligne Bleue;LFPO;LFKJ;2026-10-02T16:30+02:00;2026-10-02T18:05+02:00;;2026-10-02T18:52+02:00;2026-10-02T17:10+02:00;2026-10-02T17:29+02:00;;;;A320;F-HLBA;180;140;2;32;;63:40
SX369;SX;Seine Air;LIRF;LFPO;2026-10-02T09:15+02:00;2026-10-02T11:20+02:00;;;2026-10-02T09:20+02:00;2026-10-02T09:33+02:00;2026-10-02T11:13+02:00;2026-10-02T11:20+02:00;;B738;F-HSXB;189;145;;;1;
SX373;SX;Seine Air;LFPO;LIRF;2026-10-02T12:10+02:00;2026-10-02T14:15+02:00;;;2026-10-02T12:27+02:00;2026-10-02T12:43+02:00;2026-10-02T14:32+02:00;2026-10-02T14:37+02:00;;B738;F-HSXB;189;161;1;33;;71:17
ME374;ME;Médina Express;DTTA;LFPO;2026-10-02T09:15+02:00;2026-10-02T11:30+02:00;;;2026-10-02T10:28+02:00;2026-10-02T10:37+02:00;2026-10-02T12:28+02:00;2026-10-02T12:37+02:00;;A20N;F-HMEC;186;117;;;4;71:73
ME378;ME;Médina Express;LFPO;DTTA;2026-10-02T12:25+02:00;2026-10-02T14:40+02:00;;;2026-10-02T12:45+02:00;2026-10-02T12:57+02:00;2026-10-02T14:48+02:00;2026-10-02T14:54+02:00;;A20N;F-HMEC;186;139;4;34;;63:20
LB379;LB;Ligne Bleue;DTTA;LFPO;2026-10-02T08:30+02:00;2026-10-02T10:45+02:00;;;2026-10-02T09:42+02:00;2026-10-02T09:58+02:00;2026-10-02T11:58+02:00;2026-10-02T12:06+02:00;;A320;F-HLBD;180;154;;;4;63:72
LB381;LB;Ligne Bleue;LFPO;DTTA;2026-10-02T11:35+02:00;2026-10-02T13:50+02:00;;;2026-10-02T11:39+02:00;2026-10-02T11:54+02:00;2026-10-02T13:52+02:00;2026-10-02T13:57+02:00;;A320;F-HLBD;180;124;4;35;;
ME383;ME;Médina Express;DAAG;LFPO;2026-10-02T12:55+02:00;2026-10-02T15:00+02:00;;;2026-10-02T13:02+02:00;2026-10-02T13:15+02:00;2026-10-02T15:00+02:00;2026-10-02T15:04+02:00;;A20N;F-HMEE;186;170;;;4;93:7
ME385;ME;Médina Express;LFPO;DAAG;2026-10-02T15:55+02:00;2026-10-02T18:00+02:00;;2026-10-02T18:20+02:00;2026-10-02T16:13+02:00;2026-10-02T16:33+02:00;;;;A20N;F-HMEE;186;182;4;36;;15:18
SX386;SX;Seine Air;LEBL;LFPO;2026-10-02T05:00+02:00;2026-10-02T06:40+02:00;;;2026-10-02T05:10+02:00;2026-10-02T05:23+02:00;2026-10-02T06:39+02:00;2026-10-02T06:46+02:00;;B738;F-HSXF;189;160;;;1;93:10
SX388;SX;Seine Air;LFPO;LEBL;2026-10-02T07:35+02:00;2026-10-02T09:15+02:00;;;2026-10-02T07:44+02:00;2026-10-02T08:01+02:00;2026-10-02T09:21+02:00;2026-10-02T09:29+02:00;;B738;F-HSXF;189;141;1;37;;63:9
SX392;SX;Seine Air;GMMN;LFPO;2026-10-02T11:45+02:00;2026-10-02T14:25+02:00;;;2026-10-02T11:45+02:00;2026-10-02T11:58+02:00;2026-10-02T14:16+02:00;2026-10-02T14:20+02:00;;B738;F-HSXG;189;125;;;4;
SX394;SX;Seine Air;LFPO;GMMN;2026-10-02T15:20+02:00;2026-10-02T18:00+02:00;;2026-10-02T18:37+02:00;2026-10-02T15:59+02:00;2026-10-02T16:13+02:00;;;;B738;F-HSXG;189;182;4;38;;81:39
LB398;LB;Ligne Bleue;LEBL;LFPO;2026-10-02T16:00+02:00;2026-10-02T17:40+02:00;;;2026-10-02T16:04+02:00;2026-10-02T16:18+02:00;2026-10-02T17:40+02:00;2026-10-02T17:47+02:00;;A320;F-HLBH;180;164;;;1;
LB400;LB;Ligne Bleue;LFPO;LEBL;2026-10-02T18:25+02:00;2026-10-02T20:05+02:00;2026-10-02T18:39+02:00;2026-10-02T20:19+02:00;;;;;;A320;F-HLBH;180;153;1;39;;93:14
OC401;OC;Océane;TFFR;LFPO;2026-10-02T13:15+02:00;2026-10-02T22:00+02:00;;2026-10-02T23:33+02:00;2026-10-02T14:38+02:00;2026-10-02T14:57+02:00;;;;A359;F-HOCI;411;409;;;4;71:83
OC402;OC;Océane;LFPO;TFFR;2026-10-02T22:50+02:00;2026-10-03T07:35+02:00;2026-10-02T23:25+02:00;;;;;;;A359;F-HOCI;411;263;4;10;;
LB405;LB;Ligne Bleue;DTTA;LFPO;2026-10-02T19:50+02:00;2026-10-02T22:05+02:00;;;;;;;cancelled;A320;F-HLBJ;180;;;;4;
LB408;LB;Ligne Bleue;LFPO;DTTA;2026-10-02T22:55+02:00;2026-10-03T01:10+02:00;2026-10-02T23:09+02:00;2026-10-03T01:20+02:00;;;;;;A320;F-HLBJ;180;153;4;11;;32:14
LB410;LB;Ligne Bleue;DTTA;LFPO;2026-10-02T19:55+02:00;2026-10-02T22:10+02:00;2026-10-02T19:57+02:00;2026-10-02T22:22+02:00;;;;;;A320;F-HLBK;180;116;;;4;
LB414;LB;Ligne Bleue;LFPO;DTTA;2026-10-02T23:00+02:00;2026-10-03T01:15+02:00;2026-10-02T23:35+02:00;;;;;;;A320;F-HLBK;180;136;4;12;;
SX417;SX;Seine Air;GMMX;LFPO;2026-10-02T19:15+02:00;2026-10-02T22:15+02:00;2026-10-02T19:15+02:00;2026-10-02T22:17+02:00;;;;;;B738;F-HSXL;189;126;;;4;
SX421;SX;Seine Air;LFPO;GMMX;2026-10-02T23:05+02:00;2026-10-03T02:05+02:00;2026-10-02T23:30+02:00;2026-10-03T02:28+02:00;;;;;;B738;F-HSXL;189;131;4;13;;93:25
